Type,Name,Request Count,Failure Count,Median Response Time,Average Response Time,Min Response Time,Max Response Time,Average Content Size,Requests/s,Failures/s,50%,66%,75%,80%,90%,95%,98%,99%,99.9%,99.99%,100%
GET,/,39525,0,13,12.369134409361145,1.3625420000000776,44.50387500000019,7585.0,1362.380671508921,0.0,13,14,15,16,18,20,22,24,31,38,45
,Aggregated,39525,0,13,12.369134409361145,1.3625420000000776,44.50387500000019,7585.0,1362.380671508921,0.0,13,14,15,16,18,20,22,24,31,38,45
